x,thread pool hybrid - avg user cpu,thread pool hybrid - avg system cpu,connection per thread - avg user cpu,connection per thread - avg system cpu
1,18.822222222222223,6.333333333333334,35.36666666666667,9.644444444444444
4,91.74444444444445,23.96666666666667,246.23333333333332,47.6888888888889
16,668.6888888888889,109.26666666666668,1280.0433333333333,196.89944444444438
64,2077.6555555555556,510.0666666666667,2163.7222222222217,452.7888888888889
256,2097.0666666666666,507.72222222222223,2171.722222222222,454.0222222222221
1024,2106.3333333333335,482.0777777777778,2169.988888888889,441.18888888888887
4096,1888.2777777777783,613.4555555555556,2132.6888888888884,457.9777777777778
16384,1817.9888888888888,592.4111111111112,1248.488888888889,333.78888888888895
32768,1725.0105263157893,556.6947368421053,1203.1578947368425,312.18947368421055
