x,thread pool hybrid,connection per thread
1,33289.61125685137,5773.394844034373
4,121490.36618604079,69418.38230147099
16,480374.9587508708,379444.15617892507
64,658279.4058664521,564597.972139697
256,607628.6882523546,570985.1870365742
1024,524278.46252533124,515531.89482084446
4096,356038.3117450217,410225.8777992812
16384,334205.25011347275,85464.09769169465
32768,319268.1926734342,78846.47325426259
