x,thread pool hybrid,connection per thread
1,1182.8247306989329,1180.6463727504342
4,5568.629280996952,5535.124024332657
16,13088.141837541885,13027.807311959843
64,118635.20918326534,116927.05694655539
256,211369.64055627136,211034.14264626335
1024,186886.38368461054,188155.20837956594
4096,169233.11243649214,167690.66577103204
16384,60706.354517957094,61881.95202100331
32768,57464.48093851978,58397.019875442675
