x,thread pool hybrid,connection per thread
1,4044.470666404447,3352.440592128728
4,15530.842332277423,12873.141003205503
16,47905.248129239415,41245.75293822234
64,70457.98287119177,56083.384067084095
256,64763.70056967718,53596.37764846977
1024,63684.44966028687,51322.3668025293
4096,62644.24941735443,51780.84286803547
16384,55124.97706397263,48816.78885931666
32768,53569.323329471685,36124.47707366744
