x,thread pool hybrid - avg user cpu,thread pool hybrid - avg system cpu,connection per thread - avg user cpu,connection per thread - avg system cpu
1,52.67777777777778,24.38888888888889,27.944444444444443,17.48888888888889
4,214.9777777777778,93.36666666666666,248.9888888888889,80.86666666666666
16,832.4777777777776,387.0444444444444,975.8333333333334,366.28888888888895
64,1223.9666666666665,905.8333333333334,1395.3888888888887,813.7222222222222
256,1301.1999999999998,861.988888888889,1438.9333333333334,785.0111111111111
1024,1394.822222222222,791.088888888889,1514.9444444444446,732.6444444444443
4096,1269.011111111111,874.7333333333332,1537.911111111111,722.3111111111111
16384,1224.0222222222224,844.122222222222,1522.1561111111112,642.8850000000001
32768,1184.2315789473685,799.042105263158,876.8631578947369,316.3578947368421
