x,thread pool hybrid,connection per thread
1,392.2056624275864,211.82862603053266
4,2088.044318818165,1451.0250974431453
16,14908.519411084333,12632.887089444697
64,36396.328436508105,29597.543891223755
256,33584.375950904985,27564.339613212735
1024,27876.674116427,23445.852645728868
4096,17666.96178999289,19454.848726703516
16384,17069.4272608495,6440.326006849612
32768,16920.024517774127,5857.817066848319
