x,thread pool hybrid - avg user cpu,thread pool hybrid - avg system cpu,connection per thread - avg user cpu,connection per thread - avg system cpu
1,52.29999999999998,24.255555555555556,19.096666666666668,15.442222222222224
4,210.21111111111108,94.86666666666666,189.95555555555552,74.95555555555556
16,812.0222222222224,388.1000000000001,968.1333333333334,364.66666666666674
64,1218.6555555555553,896.4000000000001,1391.711111111111,816.9555555555556
256,1274.322222222222,874.0222222222222,1410.888888888889,801.9111111111112
1024,1380.7,794.7333333333335,1490.388888888889,738.4999999999999
4096,1258.8888888888891,880.7666666666667,1517.1333333333334,727.922222222222
16384,1212.4666666666667,847.3888888888889,932.7722222222221,354.00499999999994
32768,1159.894736842105,794.6631578947367,905.4631578947368,333.27368421052626
