x,thread pool hybrid,connection per thread
1,2543.383044113039,3838.6384949400226
4,12658.411248701412,28000.324442281493
16,99899.13501441643,155912.85952058737
64,312692.78800430195,263683.98539662646
256,294148.5203176532,243476.21702918914
1024,258839.2777866567,213268.43525579
4096,220031.5925893981,179703.86722750912
16384,212379.42942075778,62556.96555237131
32768,201417.23413129713,62225.45678291407
