x,thread pool hybrid,connection per thread
1,32660.165954817978,8955.437975831219
4,117984.32678856942,82694.29314915677
16,454947.3400006,402362.3468916108
64,641659.0542704044,621609.4887429227
256,593264.2681003266,584381.6045988504
1024,513659.35020790814,510783.1907665089
4096,350912.6381436849,401220.2859799918
16384,331930.1237149974,330721.18078188325
32768,317637.27054501616,74987.83395836105
