x,thread pool hybrid - avg user cpu,thread pool hybrid - avg system cpu,connection per thread - avg user cpu,connection per thread - avg system cpu
1,71.0777777777778,25.311111111111117,82.7,20.744444444444444
4,276.1333333333333,102.22222222222221,326.0111111111111,81.6
16,990.5333333333334,379.4222222222222,1200.8111111111111,329.91111111111115
64,1488.8561111111112,690.7461111111112,1655.1111111111113,557.5222222222224
256,1537.8888888888885,673.8555555555556,1513.1,571.8222222222222
1024,1502.4444444444446,657.8222222222222,1479.9333333333334,568.2555555555556
4096,1483.0444444444443,650.4333333333332,1591.1444444444444,522.0555555555555
16384,1191.0666666666666,524.5111111111112,1352.0842105263157,466.87368421052633
32768,1146.8105263157895,509.1473684210525,1665.7263157894736,385.2631578947368
