x,thread pool hybrid - avg user cpu,thread pool hybrid - avg system cpu,connection per thread - avg user cpu,connection per thread - avg system cpu
1,17.88888888888889,6.7444444444444445,29.696111111111115,9.410000000000004
4,87.83333333333334,25.566666666666666,210.0666666666667,48.82222222222222
16,622.1666666666666,123.34444444444443,1189.9111111111113,211.0222222222222
64,1955.3333333333337,524.4555555555556,2034.851111111111,476.3694444444444
256,1991.2444444444445,506.0222222222222,2055.9333333333334,467.8555555555556
1024,1965.322222222222,496.4111111111112,2064.088888888889,444.32222222222225
4096,1798.2222222222222,614.0999999999999,2039.9222222222222,439.76666666666665
16384,1731.9555555555553,588.888888888889,1175.0,313.8444444444445
32768,1656.5368421052633,552.4947368421052,1117.8947368421052,313.8315789473684
