x,thread pool hybrid - avg user cpu,thread pool hybrid - avg system cpu,connection per thread - avg user cpu,connection per thread - avg system cpu
1,12.033333333333335,7.155555555555556,12.298333333333334,7.2105555555555565
4,51.9888888888889,24.41111111111111,52.866666666666674,24.966666666666665
16,102.15555555555557,40.444444444444436,104.1888888888889,41.05555555555556
64,619.8666666666667,232.02222222222224,632.5666666666667,236.44444444444446
256,1689.011111111111,664.2333333333333,1681.8888888888887,669.1222222222223
1024,1724.9333333333334,610.588888888889,1655.288888888889,638.7444444444444
4096,1691.457777777778,613.7311111111111,1642.6333333333334,625.7111111111112
16384,1074.5368421052633,394.8842105263158,1034.8736842105263,407.84210526315786
32768,1028.6100000000001,377.84000000000003,964.85,393.53000000000003
