x,thread pool hybrid - avg user cpu,thread pool hybrid - avg system cpu,connection per thread - avg user cpu,connection per thread - avg system cpu
1,11.455555555555556,5.744444444444444,11.555555555555557,5.844444444444445
4,51.6888888888889,18.1,52.2,19.36666666666667
16,109.9538888888889,29.897222222222222,115.2111111111111,30.522222222222222
64,1120.0555555555557,250.4888888888889,1121.3,251.28888888888883
256,2136.0000000000005,470.5,2130.2111111111108,470.05555555555554
1024,2124.022222222223,459.0888888888889,2126.5222222222224,460.0666666666667
4096,2087.411111111111,482.53333333333325,2096.1666666666665,476.5444444444444
16384,1263.5111111111114,371.1666666666667,1305.4555555555553,373.5555555555555
32768,1200.4,351.7789473684211,1241.1473684210528,346.2421052631579
