x,thread pool hybrid,connection per thread
1,1196.0578434803865,1186.9958445367881
4,5560.313458656056,5558.339425749923
16,13082.71587243919,13132.284090934341
64,126547.3394409793,126351.9070119868
256,228848.2027813569,228827.86857021626
1024,205289.20392632918,207420.17062225635
4096,180046.73098529465,185047.89424385419
16384,63699.35369182357,66427.54224764422
32768,60600.013979157695,62214.960170932434
