x,thread pool hybrid,connection per thread
1,10523.45322909676,4146.914902600433
4,68069.98167792028,30743.58227926863
16,371538.77862578456,248649.89666896293
64,545413.4243190514,487464.5971979957
256,516813.4221508365,468716.19197415875
1024,463835.0365141701,414334.5455271823
4096,332443.6819713796,334942.6913355665
16384,317878.44398209447,70320.25039259689
32768,303127.06244878407,65585.08517752985
