x,thread pool hybrid - avg user cpu,thread pool hybrid - avg system cpu,connection per thread - avg user cpu,connection per thread - avg system cpu
1,26.066666666666666,16.288888888888888,15.322222222222223,10.722222222222221
4,161.6888888888889,76.26666666666665,101.80000000000001,48.52222222222222
16,832.6666666666665,374.31111111111113,731.8111111111111,289.3888888888889
64,1216.9872222222225,900.7433333333333,1378.6,820.8111111111112
256,1229.833333333333,895.7333333333333,1397.911111111111,804.3777777777779
1024,1318.6444444444446,827.588888888889,1465.3111111111111,747.2555555555555
4096,1179.4444444444443,940.2111111111111,1511.2666666666669,728.4222222222222
16384,1154.6066666666666,891.3488888888887,870.4736842105264,343.7473684210526
32768,1123.621052631579,848.1473684210524,885.9368421052632,328.1157894736842
