x,thread pool hybrid,connection per thread
1,1409.9319117163404,1954.2452070243276
4,5858.395064060329,10503.381617821076
16,16380.910477726928,50431.14166321308
64,78649.66293233316,67925.60406975646
256,78279.82591255427,63431.403361671175
1024,70993.55987015563,63978.71682333235
4096,58343.721849141126,63547.73775224076
16384,63956.25798903742,53619.21040102466
32768,64072.863447346106,52840.074334312776
65536,70269.88676097462,0.0
