x,thread pool hybrid,connection per thread
1,2545.6220194576913,4546.357571744125
4,12793.00329768984,32076.914871867808
16,102828.3878766869,168962.16635426585
64,297655.366729477,274397.6601689878
256,281133.24098769104,259257.80863823835
1024,252955.21556607803,233135.2270280947
4096,213845.50500622945,205053.93012617948
16384,202383.31499972253,67832.30097647532
32768,213776.2930956031,65959.85599805975
