x,thread pool hybrid - avg user cpu,thread pool hybrid - avg system cpu,connection per thread - avg user cpu,connection per thread - avg system cpu
1,63.88222222222222,19.075555555555553,70.05888888888889,19.54222222222222
4,249.95555555555555,78.12222222222222,277.1444444444444,79.1222222222222
16,1003.4666666666667,290.7888888888889,1090.3777777777777,286.5777777777778
64,1900.7222222222222,515.6555555555556,1983.4333333333332,494.0666666666667
256,1869.5555555555557,552.111111111111,1984.1666666666667,492.4777777777779
1024,1832.1666666666667,568.5555555555555,1944.4555555555557,508.588888888889
4096,1669.4788888888888,653.216111111111,1892.4222222222222,535.8888888888889
16384,1596.7905555555558,627.5155555555556,1790.9594736842107,510.43526315789484
32768,1530.9473684210525,603.6315789473684,790.7052631578948,223.6736842105263
