x,thread pool hybrid,connection per thread
1,7784.618495716126,7342.822920787019
4,30955.159237650376,28848.75339858468
16,96287.08949477732,91058.19988244692
64,152551.3767308434,144384.87357052308
256,145914.40345674075,138278.76691558948
1024,136965.38378747835,128794.74732456407
4096,130323.00362440113,123751.29598897623
16384,123206.12668461562,44426.008141112616
32768,123517.70149814173,44822.43534571774
65536,242853.68670781513,0.0
